他▁长▁得很高。	zhang3	backlog: 长得 read cháng
我明天去▁还▁钱。	huan2	backlog: 还钱 read hái
我▁得▁去上班了。	dei3	backlog: 得去 read dé
他跑▁得▁很快。	de5	backlog: 跑得快 read dé
他终于▁说▁服了我。	shui4	backlog: 说服 read shuō
你▁还▁是去吧。	hai2	
这个太▁便▁宜了。	pian2	
我买了一▁只▁猫。	zhi1	
我▁只▁有一块钱。	zhi3	
他们▁都▁来了。	dou1	
北京是中国的首▁都▁。	du1	
慢慢▁地▁走。	de5	
这个▁地▁方很好。	di4	
▁差▁不多了。	cha4	
他明天要出▁差▁。	chai1	
她在大学▁教▁书。	jiao1	
我们去▁教▁室吧。	jiao4	
警察正在▁调▁查。	diao4	
空▁调▁坏了。	tiao2	
我想▁睡▁觉。	shui4	
我想睡▁觉▁。	jiao4	
我▁觉▁得不错。	jue2	
他▁长▁大了。	zhang3	
这条路很▁长▁。	chang2	
请你▁重▁新做一遍。	chong2	
这个箱子很▁重▁。	zhong4	
我们▁行▁吗？	xing2	
他在银▁行▁工作。	hang2	
你▁为▁什么不来？	wei4	
他▁为▁人很好。	wei2	
